Filename,Runtime
Thank you Cup_3 - Kitti B..jpg,5.451168
Fatt Chicken Rice_Potch_03.jpg,5.856851
Oh Juice_1 - Kitti B..jpg,7.705082
OneToTwo - Victor Lee.jpg,5.375026
Starbucks_Coffee_7_Paisarn.jpg,3.720875
WhiteStrory_Thidarat Piajan_19.jpg,6.041032
Rise Coffee_T-Off_01.jpg,3.74279
Fatt Chicken Rice_Potch_02.jpg,4.885544
BHC Chicken_Saknoppon.jpg,4.921308
TONCHIN_T-Off_02.jpg,4.812726
BigC2 - Thanaphat.jpeg,6.013234
KingPower_2_Kanchaya.png,5.184806
Nitori_Thidarat Piajan_14.jpg,8.218742
FarmThai - Victor Lee.jpg,3.939877
HomeBake - Kitti B..jpg,5.194225
Rise Coffee_T-Off_03.jpg,6.093967
DQ_Potch_04.jpg,7.081039
17392556877285636938820239881652 - Victor Lee.jpg,17.006186
Starbucks Coffee_1 - Ladda M..jpg,4.157209
FoodStreet_Thidarat Piajan_20.jpg,3.876556
DQ_Potch_05.jpg,3.735879
FoodStreet2 - Victor Lee.jpg,5.076109
Naixue - Kitti B..jpg,4.44713
Rise Coffee_T-Off_02.jpg,6.00289
Fatt Chicken Rice_Potch_01.jpg,15.69044
17388290984957689282649041447964 - Victor Lee.jpg,5.367741
Sol1_ Viravan.jpg,5.960556
TONCHIN_T-Off_01.jpg,3.705768
KAMU_Potch_04.jpg,4.908567
SoL Coffee_T-Off_01.jpg,7.026572
Fatt Chicken Rice_Potch_05.jpg,4.814188
Veggie Cafe_T-Off_09.jpg,18.979974
DQ_Potch_01.jpg,7.196088
17391657755742514674626984958435 - Victor Lee.jpg,6.332094
BigC_Market_1_Paisarn.jpg,4.78505
mama - Victor Lee.jpg,5.055418
1739165892913360950025615499298 - Victor Lee.jpg,7.824681
X-17368331232185181516400817624213 - Victor Lee.jpg,17.052422
Momo_T-Off_01.jpg,7.420223
Veggie Cafe_T-Off_08.jpg,4.932985
WhiteStory_Thidarat Piajan_17.jpg,6.400301
Fatt Chicken Rice_Potch_04.jpg,3.776298
KAMU_Potch_01.jpg,4.874109
Starbucks_Coffee_2_Paisarn.jpg,19.939005
KAMU_Potch_03.jpg,6.148058
FAM TIME - Kitti B..jpg,8.457743
DQ_Potch_02.jpg,3.699231
BKKBagels - Victor Lee.jpg,6.296788
Thank you Cup_2 - Kitti B..jpg,5.308065
DQ_Potch_03.jpg,4.100942
Cafe Kaldi - Kitti B..jpg,4.141487
Warabimochi - Kiti B..jpg,4.862377
Rise Coffee_T-Off_04.jpg,5.067055
Momo_T-Off_02.jpg,5.980598
BigC Market_6 - Kitti B..jpeg,6.301415
KAMU_Potch_02.jpg,7.241638
Yoguruto_T-Off_12.jpg,4.797959
Yoguruto_T-Off_06.jpg,5.949673
Pacamara_T-Off_01.jpg,7.393797
ชาตรามือ_T-Off_19.jpg,5.967245
Mitsukoshi2-Viravan V..jpg,3.674124
ชาตรามือ_T-Off_31.jpg,8.075608
ชาตรามือ_T-Off_25.jpg,4.987298
Food Court_Potch_07.jpg,6.05303
Mitsukoshi1 - Viravan V..jpg,10.228714
Food Court_Potch_13.jpg,4.328099
Boost_Potch_01.jpg,3.849614
FoodStreet_Thidarat Piajan_1.jpg,7.062058
Rosnuan_Paisarn.jpg,3.642042
Food Court_Potch_12.jpg,3.814936
Food Court_Potch_06.jpg,3.76924
Pacamara - Victor Lee.jpg,6.213711
ONE TO TWO - Kitti B..jpg,14.873596
Yakiniku Like_T-Off_01.jpg,6.03892
Oh Juice_2 - Kitti B..png,6.106548
Homebake_ Viravan.jpg,8.015837
Starbucks_Coffee_1_Paisarn.jpg,12.643827
nice two Meat u - Kitti B..jpeg,16.464839
ชาตรามือ_T-Off_24.jpg,4.018855
ชาตรามือ_T-Off_30.jpg,3.803204
ชาตรามือ_T-Off_18.jpg,4.82816
Yoguruto_T-Off_07.jpg,5.899975
Yoguruto_T-Off_13.jpg,5.042862
Yoguruto_T-Off_05.jpg,3.701897
Yoguruto_T-Off_11.jpg,4.968296
BigC3- Victor Lee.jpg,4.160339
ชาตรามือ_T-Off_26.jpg,4.200115
ชาตรามือ_T-Off_32.jpg,16.810434
F.I.X. - Kitti B..jpeg,16.215667
BHC- Victor Lee.jpg,5.456039
Maji Curry_T-Off_01.jpg,3.787524
Mitsugoshi_T-Off_01.jpg,5.164569
Food Court_Potch_38.jpg,3.701492
Food Court_Potch_10.jpg,4.802497
Food Court_Potch_04.jpg,3.923421
FoodStreet_Thidarat Piajan_3.jpg,6.288472
BigC_Market_2_Paisarn.jpg,5.953437
TheHouseBasserie- Victor Lee.jpg,4.079236
Yamazaki_T-Off_01.jpg,5.123281
Starbucks Coffee_2 - Ladda M..jpg,4.90314
FoodStreet_Thidarat Piajan_2.jpg,4.032522
Food Court_Potch_05.jpg,3.730666
Food Court_Potch_11.jpg,2.741981
BigC Market_7 - Kitti B..jpeg,6.337405
ชาตรามือ_T-Off_33.jpg,3.914666
ชาตรามือ_T-Off_27.jpg,6.048169
Starbucks_Coffee_8_Paisarn.jpg,3.663242
Yoguruto_T-Off_10.jpg,3.74823
NaNA_Viravan.jpg,4.130605
Yoguruto_T-Off_04.jpg,4.865014
Yoguruto_T-Off_14.jpg,4.891652
17386590297053997295044438274399 - Victor Lee.jpg,4.06268
ชาตรามือ_T-Off_23.jpg,4.903055
ชาตรามือ_T-Off_37.jpg,4.806983
rawmat - Viravan V..jpg,5.011384
X-Duplicate_(757)1737440460386754232720474951269 - Victor Lee.jpg,4.075405
Starbucks Coffee_3 - Ladda M..jpg,3.759478
KKV_Potch_08.jpg,5.840286
Nose Tea_T-Off_01.jpg,6.102552
GAGA_Potch_08.jpg,6.061977
Food Court_Potch_15.jpg,3.77084
Food Court_Potch_01.jpg,3.693709
Food Court_Potch_29.jpg,3.678268
Blendies_Potch_01.jpg,3.944
Anri_Potch_01.jpg,3.762043
FoodStreet_Thidarat Piajan_6.jpg,6.148923
Hasul_Viravan.jpg,3.792964
1738828911937654016708644032092 - Victor Lee.jpg,4.184152
Chatramae_Chalita.png,18.261685
FoodStreet_Thidarat Piajan_7.jpg,6.440716
Food Court_Potch_28.jpg,3.808557
Food Court_Potch_14.jpg,5.921021
GAGA_Potch_09.jpg,4.014191
KKV_Potch_09.jpg,3.764326
BigC2 - Victor Lee.jpg,19.266929
ชาตรามือ_T-Off_36.jpg,6.411433
ชาตรามือ_T-Off_22.jpg,3.885642
Smith&Co - Kitti B..jpg,5.165577
Yoguruto_T-Off_15.jpg,6.013416
Yoguruto_T-Off_01.jpg,3.900053
Yoguruto_T-Off_03.jpg,20.162961
BCUC - Victor Lee.jpg,20.564579
Starbucks Coffee_4 - Ladda M..jpg,5.079588
ชาตรามือ_T-Off_34.jpg,6.014509
ชาตรามือ_T-Off_20.jpg,21.361131
ชาตรามือ_T-Off_08.jpg,20.472235
Food Court_Potch_02.jpg,5.033275
MenshoTokyo - Victor Lee.jpg,5.16834
Food Court_Potch_16.jpg,22.628322
Thank you Cup_1 - Kitti B..jpg,5.645839
FoodStreet_Thidarat Piajan_5.jpg,3.935111
Pure_Viravan.jpg,2.660914
FoodStreet_Thidarat Piajan_4.jpg,3.892007
FoodStreet_Kanchaya.png,3.952918
Starbucks_Coffee_4_Paisarn.jpg,4.291484
Food Court_Potch_17.jpg,4.881993
Food Court_Potch_03.jpg,3.76429
image - Kitti B..jpg,6.493478
17395037197623171553911853500074 - Victor Lee.jpg,4.127675
ชาตรามือ_T-Off_09.jpg,3.671301
ชาตรามือ_T-Off_21.jpg,3.776718
ชาตรามือ_T-Off_35.jpg,4.904826
Yoguruto_T-Off_02.jpg,5.071091
Lim Lao Ngow_Potch_01.jpg,19.02337
ชาตรามือ_T-Off_10.jpg,4.847124
ชาตรามือ_T-Off_04.jpg,4.886297
KKV_Potch_13.jpg,4.965127
KKV_Potch_07.jpg,4.874275
GAGA_Potch_07.jpg,3.756256
GAGA_Potch_13.jpg,4.873545
Food Court_Potch_26.jpg,3.801822
JimThompson1 - Victor Lee.jpg,4.318093
Food Court_Potch_32.jpg,4.924718
FoodStreet_Thidarat Piajan_9.jpg,5.045747
FoodStreet_Thidarat Piajan_8.jpg,6.032956
17386590966462230082736051626241 - Victor Lee.jpg,4.021209
Food Court_Potch_33.jpg,4.830418
Food Court_Potch_27.jpg,2.793543
JimThomson2 - Victor Lee.jpg,6.48739
X-17372834302422415787952531682994 - Victor Lee.jpg,2.909706
1738902074708779141148581966324 - Victor Lee.jpg,4.138763
Starbucks_Coffee_3_Paisarn.jpg,3.868928
AIS_2 - Kitti B..jpg,17.622376
GAGA_Potch_12.jpg,4.004829
GAGA_Potch_06.jpg,4.93595
KKV_Potch_06.jpg,4.864234
KKV_Potch_12.jpg,3.700445
A Keen House_Kitti B..png,3.909104
ชาตรามือ_T-Off_05.jpg,5.075359
ชาตรามือ_T-Off_11.jpg,19.034289
Stb_Viravan.jpg,3.795365
Boon ton gee_Potch_01.jpg,31.375209
ชาตรามือ_T-Off_07.jpg,2.823987
ชาตรามือ_T-Off_13.jpg,5.962615
TheEsquire - Victor Lee.jpg,5.146913
KKV_Potch_04.jpg,3.784929
KKV_Potch_10.jpg,4.934279
GAGA_Potch_10.jpg,5.943622
GAGA_Potch_04.jpg,4.837355
Food Court_Potch_19.jpg,3.943821
Food Court_Potch_31.jpg,3.678611
Food Court_Potch_25.jpg,4.884629
BKKBagals_Viravan V..jpg,3.6886
Smith&Co- Victor Lee.jpg,3.963383
ManFuYuan - Victor Lee.jpg,2.923328
Woogogi_T-Off_01.jpg,6.166243
BigC1- Victor Lee.jpg,4.085895
Food Court_Potch_24.jpg,3.737036
Food Court_Potch_30.jpg,5.842497
Food Court_Potch_18.jpg,3.785388
OhJuice_Kanchaya.png,3.857951
GAGA_Potch_05.jpg,4.96702
GAGA_Potch_11.jpg,2.697198
KKV_Potch_11.jpg,3.776899
KKV_Potch_05.jpg,5.942858
STBrsv _Viravan.jpg,5.045672
ชาตรามือ_T-Off_12.jpg,3.765445
ชาตรามือ_T-Off_06.jpg,4.797722
Yoguruto_T-Off_09.jpg,3.783701
ชาตรามือ_T-Off_02.jpg,6.189953
ชาตรามือ_T-Off_16.jpg,4.959375
17387186556135444632046881269223 - Victor Lee.jpg,4.013116
A_Keen_House_Kanchaya.jpg,4.794843
KKV_Potch_01.jpg,5.048409
KKV_Potch_15.jpg,3.776504
GAGA_Potch_15.jpg,2.625634
GAGA_Potch_01.jpg,4.826689
Food Court_Potch_34.jpg,3.811844
Mars - Victor Lee.jpg,5.060589
Food Court_Potch_20.jpg,3.718531
Food Court_Potch_08.jpg,3.732211
Big Camera - Kitti B..jpg,5.135139
BigC Market_1 - Kitti B..jpg,18.141226
Food Court_Potch_09.jpg,4.936349
Food Court_Potch_21.jpg,3.661638
Food Court_Potch_35.jpg,3.731562
AIS - Kitti B..jpg,18.927697
GAGA_Potch_14.jpg,19.365447
KKV_Potch_14.jpg,3.950665
HomeBake - Victor Lee.jpg,4.090334
Amazon_Thidarat Piajan_18.jpg,5.008961
Ohkaju_Viravan.jpg,4.709363
Hachiken Ramen_Potch_01.jpg,3.705876
MAMA_T-Off_02.jpg,2.680885
17387375666977370569976893425821 - Victor Lee.jpg,13.529985
ชาตรามือ_T-Off_17.jpg,4.898482
ชาตรามือ_T-Off_03.jpg,3.697051
Yoguruto_T-Off_08.jpg,5.993193
ชาตรามือ_T-Off_15.jpg,3.687297
ชาตรามือ_T-Off_01.jpg,2.59066
ชาตรามือ_T-Off_29.jpg,3.806889
17394244429964751398149928933402 - Victor Lee.jpg,4.146482
KKV_Potch_16.jpg,3.709716
KKV_Potch_02.jpg,7.117891
Zafran_T-Off_01.jpg,5.907824
GAGA_Potch_02.jpg,4.824301
TP Tea_T-Off_01.jpg,3.83671
Food Court_Potch_23.jpg,6.960282
Food Court_Potch_37.jpg,3.772265
Koi - Victor Lee.jpg,4.978114
BKKBagles - Kitti B..jpg,4.0039
Smosorn - Victor Lee.jpg,6.054388
Amazon1 - Victor Lee.jpg,4.028714
Food Court_Potch_36.jpg,4.825403
Food Court_Potch_22.jpg,2.58056
GAGA_Potch_03.jpg,3.842511
KKV_Potch_03.jpg,4.843257
Starbucks_Coffee_6_Paisarn.jpg,14.567291
KKV_Potch_17.jpg,5.022515
ชาตรามือ_T-Off_28.jpg,3.668985
ชาตรามือ_T-Off_14.jpg,3.772135
MAMA_T-Off_01.jpg,4.732063
Warabimochi_Kamakura_2 - Kanchaya.jpg,3.994343
Kamu_Chalita.png,3.908745
Starbucks_Coffee_5_Paisarn.jpg,15.503521
17392432489851634215786690802620 - Victor Lee.jpg,4.331321
Veggie Cafe_T-Off_06.jpg,3.727052
BigC Market_4 - Kitti B..jpg,4.013787
KopeHya- Victor Lee.jpg,4.114792
Hotei_Viravan.jpg,32.509467
FoodStreet1 - Victor Lee.jpg,14.65523
FoodStreet_Thidarat Piajan_16.jpg,3.973596
Shake Shack_T-Off_01.jpg,5.931233
1739424408521491063334583929598 - Victor Lee.jpg,2.952096
Veggie Cafe_T-Off_07.jpg,4.880088
MANAA_T-Off_06.jpg,3.91081
Lucky Panda_Potch_02.jpg,3.749714
BigC Market_3 - Kitti B..jpg,5.213341
Sol2_ Viravan.jpg,3.669418
One to Two_T-Off_05.jpg,3.993952
7eleven_Potch_01.jpg,3.721658
MANAA_T-Off_04.jpg,5.93974
Veggie Cafe_T-Off_05.jpg,5.961817
Hasul - Kitti B..jpg,5.260114
NAIXUE_Paisarn.jpg,5.099205
Sizzler_Kanchaya.jpg,3.016627
TUMKRATOEI_Paisarn.jpg,4.971334
Mitsukoshi3 - Viravan V..jpg,4.947661
FoodStreet_Thidarat Piajan_15.jpg,4.053445
Lamy - Victor Lee.jpg,4.276453
KKV - Kitti B..jpeg,4.301966
17391880158988094030991543271715 - Victor Lee.jpg,5.080934
Yamazaki - Kitti B..jpg,16.587678
Veggie Cafe_T-Off_04.jpg,4.036768
KingPower_1_Kanchaya.png,5.980218
MANAA_T-Off_05.jpg,3.892416
One to Two_T-Off_04.jpg,13.637489
Mitsukoshi - Victor Lee.jpg,4.231899
Lucky Panda_Potch_01.jpg,4.817597
WhiteStory_Paisarn.jpg,13.380211
Zaapeli_ Viravan.jpg,5.943051
MANAA_T-Off_01.jpg,3.763958
FoodStreet_Thidarat Piajan_11.jpg,3.879186
เลิศเหลา_T-Off_01.jpg,4.8214
FoodStreet_Thidarat Piajan_10.jpg,4.318129
BigC1 - Thanaphat.jpg,7.473934
BigC Market_2 - Kitti B..jpg,4.228829
Veggie Cafe_T-Off_01.jpg,5.093115
คาเนโกะ ฮันโนะสึเกะ - Komsan.png,3.998634
One to Two_T-Off_01.jpg,5.980365
One to Two_T-Off_03.jpg,3.752175
Warabimochi_Kamakura_1 - Kanchaya.jpg,2.704887
MANAA_T-Off_02.jpg,2.919234
Veggie Cafe_T-Off_03.jpg,4.866424
Amazon2- Victor Lee.jpg,4.125344
Copperwired _ Viravan.jpg,3.695891
FoodStreet_Thidarat Piajan_12.jpg,4.101733
BigC Market_5 - Kitti B..jpg,5.305546
Sol3_ Viravan.jpg,2.763513
FoodStreet_Thidarat Piajan_13.jpg,6.100685
Veggie Cafe_T-Off_02.jpg,2.640318
MANAA_T-Off_03.jpg,2.778096
HachickenRamen - Victor Lee.jpg,4.122281
One to Two_T-Off_02.jpg,4.009449
Kinroll - Victor Lee.jpg,4.070304
